AssetID,AppId,Name
wa200005722,,MEOEAllCapPC
wa200005724,,LPOEAllCapPC
wa200005792,,LPMEMOS
wa200006012,,LPOEACap
wa103004101,7BF2AEA5-FCA0-4EBC-B337-5B54109F9172,harmon.ie for Outlook
wa104005406,62916641-fc48-44ae-a2a3-163811f1c945,Message Header Analyzer
wa104055208,c61bb978-adb2-4344-abe9-d599aa75704f,EmailTranslator V1.1
wa104058309,8e82cba1-1843-4152-81fd-58c96182e682,Insightly
wa104080714,0ef22d5e-971b-419d-a528-e0e7f6da6b97,Share A Contact
wa104099688,5d49687c-66c4-4292-b9a7-1527a2fe9088,Wikipedia
wa104123757,243b95d4-e55b-4bd8-91ff-e7241af96ff1,RedCritter
wa104137034,cc511b05-1637-4d8f-9126-43bbd87f1b65,Email to Task
wa104140504,ed1c35eb-86d6-4126-bf0d-15ab31c74710,Nimble
wa104201648,cb85b80c-f585-40ff-8bfc-12ff4d0e34a9,Rate My Pres !
wa104218067,0021b273-bca0-4a1f-38c2-0df61de7d9e3,Docusign eSignature
wa104220578,ca70f62e-154a-4fac-870f-3b6ee3f38473,CVR Lookup
wa104311018,0746c938-d464-4a79-a70a-bbbbad3f554d,Travel Time
wa104323055,ba2a19d8-55b5-4ce6-bc6d-7057eb681098,Secure Messaging
wa104354490,ae78b7a3-4fda-4392-bbee-749469fae51b,Kanban for Outlook
wa104362643,7f0ca1ec-4d48-493a-b784-dae18d79718b,LikeForOutlook
wa104368661,5294ad32-3624-4f31-a1a7-5014661376a1,JobAdder
wa104379126,b5bdd852-6ae9-495a-9fcb-de052649502a,Bullhorn
wa104379326,206b37de-e132-491d-80a5-3981b57ff1b2,Crelate
wa104379334,47232a61-61ee-4318-80f8-82568651aa9f,Salesforce
wa104379335,4c655dc5-759f-4bcb-a100-c8fa41e9a4df,Salesforce Sandbox
wa104379361,64351514-c3d9-4a72-8ee3-9851ab8ab483,Idea collaboration for Wazoku
wa104379385,5d57fea6-20f9-4f7c-b486-b808b9e6f854,Cegid Expert Link
wa104379434,7bb9f300-575c-4fb9-a6a6-c2342441256a,Smartsheet for Outlook
wa104379468,3ba8b5e3-49f3-6a74-8a30-9de9b623ba0d,Zoho CRM for email
wa104379506,5cd22f9a-ec9f-4834-b567-063b75716745,Email Reactor
wa104379511,a37a22bd-c937-438d-83ec-f4ddd88dd65d,Appogee Leave
wa104379517,858a57b9-7178-4a3d-bc1a-52220cdc58af,Revenue Grid for Salesforce CRM
wa104379519,b89fecd2-892c-4071-abb3-536832c0c662,Custom Signatures
wa104379524,e9542a2e-b945-4d40-8b55-bbc3c9eca5a0,Egress Switch - Secure Email
wa104379526,2843d6e1-69b2-4a98-8653-cc3cdadd1b2c,PROBUSINESS
wa104379543,3206fb59-02b9-4a4a-98c0-37fd20db356d,Kofax View+
wa104379547,df0a4e4b-4666-43ee-90a8-879a1d9935ed,Smartway2
wa104379570,7ec028c7-a040-46fb-a914-9267da7585fb,Dynamics CRM
wa104379617,C427FF10-F2AA-43DB-A07C-3BC19296E937,Evernote
wa104379636,69cea0ba-9cf1-4062-a211-c72a66bf9c58,iGlobe CRM
wa104379679,d4db76a8-7ad1-41aa-835a-f2dfe4c08c84,å…±æœ‰ã‚¢ãƒ‰ãƒ¬ã‚¹å¸³ 
wa104379681,bebc5fd4-014d-40a7-bce7-bb5713e07a17,Tasks in a Box
wa104379733,2ce5b8cf-5403-4cc6-9113-6d79feae0b7f,BombBomb
wa104379799,47969d00-20b9-4900-b2ba-97bc989397fc,Legal Tracker
wa104379818,24295235-339e-4151-8b2f-4353bcd0b10e,Tilkee
wa104379838,e685dedf-712f-49ab-8808-97c29a5eb3f9,AgilePoint NX Task
wa104379844,dc1e7ce8-df00-4568-adf3-3ba3261cff3e,PhishPro Tracker
wa104379875,f66ae2a6-1065-4820-8af9-dd70a911ec88,Attach From Dropbox
wa104379892,55f1e6bd-856f-4117-b979-59695aff0684,Bing Nearby
wa104379908,d00a5c51-0a0a-25b2-e13f-0d70a4181602,join.me meetings for Office 365
wa104379909,66f9bda0-7132-4ae4-989c-e5f6b2d0090c,GIPHY
wa104379932,14d90e42-0070-4b04-bfcb-ead0f4525ccd,Implicit FrontEnd
wa104379967,9a897989-5695-4e81-8150-dc178e3c364d,Template Phrases
wa104379970,485940ae-4ff5-4d31-88b0-d6bb0a9830d3,Syncplicity
wa104379982,f5f4ff00-fcf5-4c3e-aca6-2fe408b48fe2,Emma
wa104380003,90e36c1e-ff40-4382-954a-2b1daf4fd544,V-CUBE Meeting Outlook Add-in
wa104380075,87c1174d-0c9e-4971-9106-02f184262281,Act! Premium Contact Link 
wa104380083,ade04e8b-4548-4d41-9e0f-70f9f257b0a3,Medimail
wa104380091,9d4a018e-7872-48e9-aa42-89c4ad003160,DocSend
wa104380098,782f2c85-6cb6-4dd5-9cc6-de76de40b4c5,Maps for Outlook
wa104380125,eb8b36b0-b978-4b29-8c01-fc29d839b33f,RedFlag Multi-Channel Messenger
wa104380127,a6ff8a1b-dbd7-4a83-9f3b-148c1742129b,Send Secure
wa104380132,9213f4f4-4589-42b4-b4fd-adff0c36f2cd,DeviantArt
wa104380137,fbd310dd-acd9-4bda-bcb3-f813c12cbc79,Find / Dial Phone Numbers
wa104380147,55d7780d-d809-4905-b286-115cb6f68d81,iPlannerWeb
wa104380168,890b4d73-7822-4c71-bbf8-08f3d6dd5e2c,MessageFiler
wa104380191,720841b9-6460-4363-a96d-c6baa8130ad0,MediaValet Library for Outlook
wa104380196,58cbc313-0a3f-47e5-bdb6-a4ff6e411233,Mosspaper
wa104380212,7164e750-dc86-49c0-b548-1bac57abdc7c,Sage Customer Info
wa104380232,502a5942-52ea-4293-83b3-0ec4f2d6b4b8,smartQ Workflow Management
wa104380259,a3862f6f-027a-4d9c-ac55-1a3b35ec51a4,Yesware
wa104380285,9364122f-4c7e-4d4b-a368-369a24ef3e36,ConferenceCall.co.uk templates for Office 365
wa104380294,fef191b6-63c6-4589-80d5-ae073dfc4434,AC Calendar Add-in
wa104380332,6a192b54-6b8e-46de-960a-2ebfe8f1e60c,SMART Template
wa104380333,FBC772C2-9ED1-4D24-8408-86417EEEE7A9,QorusDocs
wa104380380,104da607-6ed9-44a3-9ee2-b066edc5bf49,Salesforce Inbox
wa104380387,ef1a72ab-588a-435e-b761-12f2027d882c,Mapy.cz
wa104380388,9230b645-1919-43a0-a568-1f2300fe06b0,SmartConnector to Clobbi.CRM
wa104380389,872e40a0-4e55-4136-9a87-a4291a11c2a4,Brainshark
wa104380391,24B69EDF-25CD-4A58-8067-3E39390D0D6A,Send Anywhere
wa104380431,355dea57-5777-4e6a-b733-7caf9f9f5907,Beyond Encryption - Secure Email
wa104380444,1de090bc-dab8-45da-ab61-2b5e52b80767,Decisions Meeting Secretary
wa104380447,F329B581-6B6B-43B3-A3E5-43505CEA4966,Email Recovery
wa104380459,cf9ae390-3fa8-4556-bbc2-5a4d521fd691,Enadoc 365
wa104380464,1ebe5572-7bdc-40a2-b261-676887527401,iPlanner Pro
wa104380470,72c98b5f-487f-4af6-849c-0ef2e56f69ba,FreeBusy
wa104380490,dedf4528-4a6e-443b-8763-4ec32c340240,Concur Expense
wa104380494,cd65cfae-6426-46ae-b778-a36ae2f4f1e5,Attachments
wa104380520,7f5070ab-968e-4d0a-a8d1-5061d83fc31c,TimeTracker
wa104380522,ef0619f8-e255-4f94-975a-2272a60f432f,WittyParrot
wa104380539,bb085d95-2a65-4b6e-8d26-66d91ec2d0f1,RMail Outlook
wa104380546,75f0fede-5db5-41de-a580-3a58ee3c2c44,Revelation Bridge
wa104380613,8d77590c-f556-41ed-b52f-b755d4a5ba12,Recognize
wa104380615,ded5f813-bbe8-4906-bdf7-b64abaa87880,Signeasy
wa104380627,131A8B55-BD40-4FEC-B2E6-D68BF5929976,Translator
wa104380673,22f63757-1323-4f17-a8a0-9cce35573f06,Fyle
wa104380681,149ed85a-cdab-11e5-ab30-625662870761,Folloze
wa104380689,286aae8d-e135-4c1b-9aef-b5cf2a2335f4,Office2SharePoint
wa104380691,971e76ef-d73e-567f-adae-5a76b39052cb,Yoxel
wa104380692,B84AA869-F254-4F7C-8B81-78472BF2AA52,TextMiner
wa104380723,e5019060-ce5d-4a6d-be57-513ab494d6f5,OnePlaceMail
wa104380725,e9449119-1472-414e-803a-0f11e8be3cdd,FedEx Tracking
wa104380751,576f6187-6df5-4783-8a1d-e3a943e4498f,Pobuca - Contact Management
wa104380775,106dca5b-ec57-4389-a2c3-5887028201ae,MeisterTask
wa104380787,4c409a88-7b7c-43a4-bdbc-6cfccf002422,Bijlage beheer voor salarispakket Pilonweb.nl
wa104380835,3ba8b5e3-49f3-6a74-8a30-9de9b853ba0a,Zoho Campaigns tool for marketing automation
wa104380841,ad05ed51-a042-4529-bbd5-cb248d4ab957,Perfony
wa104380853,6fbfc670-7fb8-4e06-aee0-3041adb82369,ForceManager CRM
wa104380891,8a27f94f-e792-4420-b88b-28febcf4dda5,Rocket Matter Email 365
wa104380896,ea4bad8e-1ef9-4e27-89bb-01a731396180,Robin - Room Scheduling and Desk Booking
wa104380906,45cf1d9f-1f03-4ffe-a583-d66f6eeed02b,Dovico Timesheet
wa104380913,a5b6fe77-bd24-495a-91aa-dd59680fa6f6,ShareFile
wa104380943,b7cf3295-3645-4fc5-9c19-a963c71d1fe2,Workfront
wa104381003,af39e89e-ca88-42f2-9b48-cf2b1c89ea9d,Cirrus Insight
wa104381023,d756dc97-d553-40c7-a347-5babf8f70b82,Attach to Merus
wa104381043,49411697-aace-44e5-9da9-5a6132f6ab9c,SignIt Email
wa104381047,c1ea5b17-7206-4d15-9968-7a4666f7f4ca,Clearbit Connect
wa104381052,286f8133-4ca2-5885-940c-54992a732931,Outreach
wa104381056,4aaa7609-64d0-4f0b-9deb-f1db83aab61c,ImpactTracker
wa104381058,da6bc93b-afc5-46b1-9c40-6cb106fe1211,Fond - Recognize your Colleagues
wa104381067,3ba8b5e3-49f3-6a74-3a40-9de9b853ba0a,Invoice and Time Tracking - Zoho Invoice
wa104381081,4b08ebf0-6eff-444f-b8a6-4f8d295d8ca4,Save to Fluxx
wa104381095,7164e150-dc86-49ff-b549-1bac57abdc7c,Jira for Outlook
wa104381110,deed004f-661d-55cd-b625-e853c5c508b1,Smart Attachr - File Search Assistant
wa104381111,c0a5c193-48f4-464b-bdc0-ea5ae36099ed,Fuze
wa104381120,c88e4e2a-8a30-404f-8f20-3d066dd425c1,Wrike
wa104381124,9521de85-046f-4f02-a63b-0180e520ca9d,Email Stickers by MojiLaLa
wa104381133,f6319415-ea4d-4785-996d-5f47c3e5ddbc,ClearSlide
wa104381143,8f01b46c-3cc8-49f5-81c2-fde95bc06ea8,myTask2do
wa104381153,3eabf969-5868-41bf-a5fd-bb827dca95d7,simPRO
wa104381158,5DE11285-4132-4ADD-A025-EB72EB16BC84,Adobe Acrobat Sign
wa104381160,480F036A-A345-4307-9741-A2B89CC27CCC,Blackbaud for Outlook
wa104381161,9586446f-109a-42bf-90d5-61dfa35d122f,Staffbase Email
wa104381167,080b0be7-e7c1-4725-b099-a5c969adfb74,Ant Text Email Templates
wa104381169,e90ced19-bd88-46f2-af8d-6039c7cf35cd,Salesloft Connect
wa104381175,5f5dbbb4-deab-462c-ac63-6e394c120a5a,Mailsphere DNS Check
wa104381176,df6e3554-bd7d-4e1a-8d0e-06488ac658a7,Teamleader
wa104381180,6046742c-3aee-485e-a4ac-92ab7199db2e,Report Message
wa104381213,8f2ff399-c699-49cb-bc35-12682789f6a5,Nutshell
wa104381216,3ba9e8ee-1f5a-407e-bc52-204162698b71,ExtendSync
wa104381249,2b40eb6f-ae70-490e-ba92-ff7ae1029bee,Barracuda Essentials
wa104381251,bf4192d1-b91f-48e9-8f45-7be9211f0856,BitaBIZ
wa104381257,CA0E68F1-FD94-4BD2-A38F-D48190F42F15,HubSpot Sales
wa104381263,6006e01d-3317-4284-95a6-2b870cd40e70,Betterworks for Email
wa104381280,8c64aeea-2380-48f1-b1e1-1bf5dfe6202b,PipelineDeals for Outlook
wa104381281,e9fb052c-e578-4ad3-805c-d60c892772ab,FranConnect Sky
wa104381286,b709c032-b1e0-4c74-9ac2-e90b82afac36,Mailsphere Sender Trust
wa104381293,294f9ffc-ba9e-4a35-afd6-c80bef7188ae,Beenote
wa104381296,64d1ae57-b7cb-4c92-af6b-8197ad7b2fc0,Bravo for Outlook
wa104381306,e761a603-e8f8-44b5-84f2-f640cc816a49,Clio Outlook Add-in
wa104381310,67528170-c45a-405c-9584-f5bc450c4d33,Trustifi
wa104381346,49535d8a-fbe5-4935-8579-82099f9c14cc,Dropbox
wa104381358,547e3bb9-34f1-4674-adc5-2edd4f8f71bf,SalesDirector.ai
wa104381367,e2bba33b-13dc-40a5-84e1-fe239f30cf47,8x8 Work for Office 365
wa104381379,ddfb17ec-ba9a-40c4-b930-3f3932523079,Pexip Service
wa104381382,75dcd6a4-7b5d-4293-9735-d64625c69464,YaPa for Outlook
wa104381386,54ad5d2b-8311-1111-8fc7-df772bbc5c11,MeetingRoomMap
wa104381389,06192220-23cd-4955-a09b-f4c3942e77cf,Vidyard
wa104381397,67a047e7-920c-4efa-9fc7-05d38309ad4e,Outlook signature test
wa104381398,aa606559-22aa-4a3f-bd51-fd7a0445ecdc,Reflektive Peer Recognition &amp; Feedback
wa104381399,1f4b8f0f-dfef-469e-99e3-0d9bac0b0a25,Reminderly Appointment Reminders
wa104381400,b0bba006-2d7e-4ebd-a8be-d6364d31fdff,Retruster
wa104381409,0acdbb14-689f-4277-b353-6df2be418f05,D4Sign Outlook
wa104381414,42740291-03a8-432f-8305-de8bb98f762b,Simplicate
wa104381437,4c5c86d6-daef-4c0f-b7b2-cf496abc5461,iWRITER 365
wa104381442,3e5032d8-9aac-436f-8ec7-0b77f4d300ff,Ezekia
wa104381444,b0bba006-2d7e-4ebd-a8be-d6364d31fdfe,Retruster
wa104381446,fa0c4d52-36f6-4b55-a872-7c263cc0e467,Calendly
wa104381476,084fa5bc-7b66-49f6-9a1a-7157557cc32f,ConnectWise Control for Outlook Add-in
wa104381480,65279354-7cc7-4269-8ac2-84491f8ffad7,RecruitBPM
wa104381481,C5AC486C-B180-44A2-BBCA-01AC5DE66930,Synergy
wa104381518,fc188889-7206-4d15-9968-7a4966f7f4cc,ServiceDesk Plus for Email
wa104381521,56638367-6abe-4606-8f20-c491b4237d8f,Levitate
wa104381524,95394dae-9d6c-4830-afa8-bf32225b8945,INES
wa104381538,5b14d1b5-937b-4dc2-8df8-4d86af1d6b61,Method:CRM
wa104381539,caae11e7-0342-0709-bd95-f990efb0901c,e2grow
wa104381557,CCFBFF3D-A114-4353-ABCB-C9490BDDE498,Highspot
wa104381610,2150edbd-459f-4ce9-9267-cf1ecf71fa52,Attack Simulator Report Phishing
wa104381636,0b4671c9-1ac4-460d-aaf0-b2dfd3c80fe4,Bucketlist
wa104381638,B83D8018-A292-40D2-A052-1AD46BF903AD,Jira plugin for Outlook
wa104381649,fbe565ee-9bbe-4d1b-a9dc-980d0f8620d1,Dubb
wa104381676,ac70e923-b463-45d5-a021-4a35e4b1e7a8,snapADDY Assistant
wa104381686,3d1408f6-afb3-4baf-aacd-55cd867bb0fa,Actionable Messages Debugger
wa104381693,502a5942-52ea-4293-83b3-0ec4f2d6b4b9,5pm - Project Management and Team Collaboration tool
wa104381708,533878e4-6c58-4010-bc99-b6b013a40ba2,Commusoft
wa104381712,a7ca6c74-33fb-43a4-a3e4-781078f0eff5,Zoom
wa104381725,01d0977f-7752-4241-8d44-07e8c93535e9,WiseTime
wa104381726,050087F1-16B5-437B-87E5-EC673AAC2DB3,Avaya Meeting Scheduler
wa104381735,d76f016f-52c7-41b5-835b-900361d7040c,Priority Matrix
wa104381746,13c9e1d3-165f-4c67-a145-e6c6b1cfc465,CEIPAL Corp.
wa104381747,ac1a4a5b-3504-40e0-a08d-1f3e03b1f89b,Quantum Workplace
wa104381753,34400a39-55ca-4aed-a6ab-dd4c40f34d26,Claritysoft for Outlook
wa104381777,d387696a-17be-4a61-b03c-afc4f7d8af4b,Bigtincan Hub For Outlook
wa104381780,2f837a1a-14e9-4a61-8b1f-8926a4f32f8b,Playbooks for Outlook
wa104381794,77a2d4c2-5f17-414b-9470-b59d792d297e,Connect Room Finder
wa104381798,cce30042-e9f5-440c-ac68-63cddea9d018,Corrensa for VTiger
wa104381808,27f7f598-efd3-49e0-9d6c-af809eeb0d14,Office Connect
wa104381813,9414da95-c0a5-42e7-8bca-0bb9a8502af5,CAS genesisWorld
wa104381829,3a67bb2e-58a0-4c9c-8fce-cc0f7dc58316,Lime Go
wa104381830,0f4b3073-ea38-4176-9a4f-b6e65454d0d0,PracticePanther
wa104381833,129865f5-6f9e-421f-b6f1-34a118a034f8,Asana
wa104381840,75faf608-4762-4247-af36-372badd31063,Secured Signing
wa104381842,405916b0-0d1c-44aa-a890-da1407f793a4,I.D. Connect by Instinctive Drives
wa104381846,1c4f0221-6482-4665-84e0-42fc71cb9a38,Vast Conference
wa104381849,0026eab0-afba-43fe-a3fa-c479b6feeccb,I'm out
wa104381851,6df220fc-e48e-4469-8db1-6912ce109886,Google Meet
wa104381853,002a0f82-0870-4bfb-9104-89393c086fcb,Signature Manager
wa104381858,b030c35d-47c9-47cd-8323-449f486eabfb,FYI for Outlook
wa104381864,ab16b091-17c7-4c0c-a179-338a160b4d5f,Pipeliner CRM
wa104381867,c1d549c1-3683-4e31-a8ea-fab2779333d5,Leadership Connect
wa104381868,0d2d62ef-e058-45f3-9f3c-cd654ea723d4,Colligo Email Manager for Office 365
wa104381872,fc188889-7206-4d15-9138-2a2956f7f4ca,eAngel Proofreading for Outlook Emails
wa104381878,bbe8a299-fb48-42b7-98fd-10b359ac8d6c,Add Email to Kahua
wa104381891,007e9df9-9649-4650-a260-58d7ceda751a,INSIGHT for Outlook
wa104381896,140d36a9-9324-45ca-a039-16e30e9030b8,Achievers for Outlook
wa104381914,935f4777-fe79-411d-9aa5-b9ebb4bb92ef,appear.in
wa104381915,710860f5-cb7b-4e0d-9f61-967f2acca236,Team Do
wa104381922,39403046-5079-4d8b-a7d0-d540c95a3a5b,GoToMeeting
wa104381929,fdb70a37-5802-47ae-a019-91957f106057,Amicus Online for Outlook
wa104381930,7b5d9404-d6ea-4ab0-8dc9-9c291a9b69d2,ShareSimple
wa104381932,4478b552-c6ed-43da-9142-ffbe4a5153d2,CMap for Outlook
wa104381937,a8e14732-37cf-4a46-b69f-2539f4059948,UniPhi
wa104381946,80a4e00a-3be4-4646-959b-f9d42e5c22d2,Spekit
wa104381950,d5cfdab6-9866-49b3-8f2a-7c8fa1da63f2,Content Quality Optimizer
wa104381968,16149E96-8406-473C-AC4E-F7B419559EC5,Egress Protect
wa104381970,67528170-c45a-405c-9584-f5bc450c4d33,TrustiMail
wa104381976,7214a7e3-4615-4824-b696-df0b2e13f130,Condeco
wa104381980,65d810d6-591a-4e2e-80b0-85894008e614,Happay
wa104381982,7fd782bc-394a-4dce-82f1-fd1d0a68e1c1,Mobile Locker for Outlook
wa104381991,5efbb21d-9785-46ff-9e24-41fd2e2dda4d,Upsales
wa104381998,7082e6cd-6943-48dd-9ec3-a7b1454cd369,Vtiger for Outlook
wa104381999,deb6717c-1d17-4dc5-8719-7e1928ce2076,CatchApp Meeting Scheduler
wa104382022,2a571c94-88df-4371-bfb7-dc384f3390aa,tiny+
wa104382026,c1f0f062-29a7-4adf-bae8-a04aef9498ca,ClickUp
wa104382031,5af9483a-3d6f-40da-9910-d2cfebf234ec,Easy Projects
wa104382035,7a91e319-a65d-4ceb-909b-12203561dbf5,Cisco Webex Scheduler
wa104382036,be22bad2-7fc4-48bb-af5b-c6071bf8165e,ContactMonkey
wa104382049,7570f8c1-2538-456f-9ae9-d5aff7f40e93,Mail Assure Cloud Email Security
wa104382052,c58c7299-f2ca-4534-a858-c7b5d949a4b0,yoyomeeting
wa104382053,04e22875-5423-45f3-af0e-c3879a21c0a3,Dialpad Meetings
wa104382056,ff0194d2-e820-4443-9f88-ce576f165822,Infor Document Management
wa104382065,007e17a8-8617-4cfa-b032-a56407c276c1,Ftrans for Outlook
wa104382074,238c2b28-e05f-4eef-b397-f36a715cd08d,UnsubCentral
wa104382076,79c012f2-bde1-4116-b46f-52fdc77ccafe,Textio
wa104382077,de174894-578d-4359-83e2-ca1af33cdc19,Tracker de correo time manager 314
wa104382088,0909755f-cd01-453d-aafa-0a5a3a357755,Slack for Outlook
wa104382095,7c1dc130-5a1a-4e9a-ad8d-ec9c6866e29e,BookMe
wa200000003,6200bc28-e216-4ba1-ab6f-9bc34a9591c4,Hippo Video
wa200000010,48754a72-4650-4f6a-a433-e1e478edadb4,4Degrees
wa200000012,bad805bf-65dd-4faf-8e8d-da0271673916,Note Publisher
wa200000015,270c1312-7c65-467e-be34-48495d823173,Box
wa200000016,d1a9cde3-038f-4b0a-a96c-94d38df21fc7,JobDiva
wa200000023,e1170821-7a2a-4f4f-aaa8-7444c2681b9c,MailMerge365
wa200000026,ebb83a92-ea7e-439d-8794-20f9dbd77433,iCIMS Video Studio
wa200000033,f762dd1f-92c5-486c-992f-31a61967279d,Traction Guest
wa200000035,51acf238-56b2-4ba5-b269-eb4d4672d753,Amazon Chime
wa200000036,61dddbbf-9c5c-4f66-81f8-2fc084586655,Firefish for Outlook
wa200000041,9194f73f-e5ff-4c58-9152-a6333f689556,Procore for Outlook
wa200000049,115cc2d0-1ea3-4414-a272-829dd07e0b78,Odoo Connector
wa200000056,17e69345-a72c-4700-ab66-a78dcb40c319,Jira Cloud
wa200000058,909618da-7963-44c6-976f-c2a4bf7e4c38,Plenion
wa200000060,96012340-0c1f-466d-8e70-ee593b7e304c,Hotel Email Reservation Assistant (HERA 1.3)
wa200000062,dd6adfdb-e896-4454-b836-96ecb0324571,MIPA
wa200000067,614d5a9d-387e-499c-a6d7-ba5fbc371004,InPhase Actify
wa200000069,0763c3d1-25ec-4e95-b1be-b55b1a1c823a,Shipamax
wa200000071,d35e6f38-3497-48db-ac57-0fc412ad9bce,Unanet CRM
wa200000087,5bf1c919-00d7-4c07-89e0-84972f357231,Skedway
wa200000090,3d0b651b-0fac-4f63-b3c7-644660256369,XQ Secure Outlook
wa200000098,ed9b8540-f655-4f8d-8346-87416578bbd5,SigningHub
wa200000105,484BB4AC-7E0D-11E7-BB31-BE2E44B06B34,Repfabric Sync+
wa200000106,2776a6bb-5c14-4dbb-9cc1-db328be821e0,cloudplan fÃ¼r Outlook
wa200000114,b51e3efb-9c17-4a01-af72-09187d818a57,Polls
wa200000152,87ce3175-2f68-44af-a765-d659e7bf9112,Enablix
wa200000154,3f666eb6-37f3-4e6c-b7e0-861d1da13f10,AccountKit
wa200000163,52977dbf-5d65-4830-af8a-fdfc545c34a1,Project Insight for Outlook
wa200000167,52ef7cd3-6cb8-4dc8-87ed-75839063bc87,Mailoop@Team
wa200000172,3ec5eb72-dbf2-85c0-b7b8-bacd18305aab,KudosÂ®
wa200000175,9d71d9cb-c70c-4348-9ddb-0cb8c4443006,Lifesize
wa200000198,6e0da13d-5aea-43c4-a9d9-52662fb60d24,Envoy
wa200000207,ae1bc812-13f5-486a-a4fa-7fe720e60a4a,Matter365Outlook
wa200000239,131A8B55-BD40-4FEC-B2E6-D68BF5929976,Translator
wa200000252,131A8B55-BD40-4FEC-B2E6-D68BF5929976,Translator
wa200000263,131A8B55-BD40-4FEC-B2E6-D68BF5929976,Translator
wa200000268,131A8B55-BD40-4FEC-B2E6-D68BF5929976,Translator
wa200000276,131A8B55-BD40-4FEC-B2E6-D68BF5929976,Translator
wa200000278,131A8B55-BD40-4FEC-B2E6-D68BF5929976,Translator
wa200000283,d344b997-044e-4f7c-bf9a-59839d78471f,Exsalerate CRM
wa200000301,fba1f6ae-9f26-4b91-b641-78aff62416f2,Freshsales
wa200000321,131A8B55-BD40-4FEC-B2E6-D68BF5929976,Translator
wa200000322,131A8B55-BD40-4FEC-B2E6-D68BF5929976,Translator
wa200000323,131A8B55-BD40-4FEC-B2E6-D68BF5929976,Translator
wa200000325,131A8B55-BD40-4FEC-B2E6-D68BF5929976,Translator
wa200000332,d494b267-cbc7-47cf-961a-8e229af5f7d1,Share Mail
wa200000333,bf25ee10-172c-43a1-980a-2f33a1a0c866,Planyard
wa200000337,131A8B55-BD40-4FEC-B2E6-D68BF5929976,Translator
wa200000348,99f43282-34f7-4295-b40e-2999f3dec54d,Thnks
wa200000363,131A8B55-BD40-4FEC-B2E6-D68BF5929976,Translator
wa200000370,131A8B55-BD40-4FEC-B2E6-D68BF5929976,Translator
wa200000389,72e48aa8-23d9-4078-a039-4f82836d48b3,Digify
wa200000391,bfc8b831-b542-0c29-4f70-1e8d55bac800,Wunder365
wa200000392,f0c01ee0-81b2-43fb-882f-128b24ffffff,Applications Platform
wa200000393,32ea23e5-ed5d-4b89-9529-9164c003b61a,Cytracom
wa200000396,0a9d4594-f78e-4bcf-a2ac-d3d80352f5c9,Outlook Meetings for Confluence
wa200000449,ed061447-2684-451f-9e5e-83fe1bef3a9c,Sellizer
wa200000459,131A8B55-BD40-4FEC-B2E6-D68BF5929976,Translator
wa200000464,997062B1-1AF3-48BC-8AE3-BB25CAB9D4CA,Oorwin
wa200000468,131A8B55-BD40-4FEC-B2E6-D68BF5929976,Translator
wa200000473,131A8B55-BD40-4FEC-B2E6-D68BF5929976,Translator
wa200000479,131A8B55-BD40-4FEC-B2E6-D68BF5929976,Translator
wa200000485,131A8B55-BD40-4FEC-B2E6-D68BF5929976,Translator
wa200000487,131A8B55-BD40-4FEC-B2E6-D68BF5929976,Translator
wa200000489,131A8B55-BD40-4FEC-B2E6-D68BF5929976,Translator
wa200000491,131A8B55-BD40-4FEC-B2E6-D68BF5929976,Translator
wa200000492,131A8B55-BD40-4FEC-B2E6-D68BF5929976,Translator
wa200000495,131A8B55-BD40-4FEC-B2E6-D68BF5929976,Translator
wa200000499,131A8B55-BD40-4FEC-B2E6-D68BF5929976,Translator
wa200000505,131A8B55-BD40-4FEC-B2E6-D68BF5929976,Translator
wa200000508,131A8B55-BD40-4FEC-B2E6-D68BF5929976,Translator
wa200000521,131A8B55-BD40-4FEC-B2E6-D68BF5929976,Translator
wa200000522,131A8B55-BD40-4FEC-B2E6-D68BF5929976,Translator
wa200000525,131A8B55-BD40-4FEC-B2E6-D68BF5929976,Translator
wa200000527,131A8B55-BD40-4FEC-B2E6-D68BF5929976,Translator
wa200000529,131A8B55-BD40-4FEC-B2E6-D68BF5929976,Translator
wa200000533,131A8B55-BD40-4FEC-B2E6-D68BF5929976,Translator
wa200000535,131A8B55-BD40-4FEC-B2E6-D68BF5929976,Translator
wa200000536,131A8B55-BD40-4FEC-B2E6-D68BF5929976,Translator
wa200000537,131A8B55-BD40-4FEC-B2E6-D68BF5929976,Translator
wa200000538,131A8B55-BD40-4FEC-B2E6-D68BF5929976,Translator
wa200000544,804f03fa-d395-4083-894d-b84b4ed52d54,TriSys
wa200000548,131A8B55-BD40-4FEC-B2E6-D68BF5929976,Translator
wa200000551,131A8B55-BD40-4FEC-B2E6-D68BF5929976,Translator
wa200000552,131A8B55-BD40-4FEC-B2E6-D68BF5929976,Translator
wa200000554,131A8B55-BD40-4FEC-B2E6-D68BF5929976,Translator
wa200000561,131A8B55-BD40-4FEC-B2E6-D68BF5929976,Translator
wa200000566,b450cf3e-b691-4d46-8197-00d317b73d05,Report Email
wa200000570,131A8B55-BD40-4FEC-B2E6-D68BF5929976,Translator
wa200000576,131A8B55-BD40-4FEC-B2E6-D68BF5929976,Translator
wa200000589,b3a34b6d-ec91-47c3-a99b-c9c2c020de4d,Ebsta
wa200000590,4353e2f8-8dad-497a-87e7-9e2f4d460b28,Cardin for Outlook
wa200000591,284b1fe9-050b-4233-a2cb-23541e96dbe7,Customer Thermometer
wa200000599,21C1D7A0-4FA8-4295-ABE4-E2F02858AE9A,Translator
wa200000652,0ae12dee-d593-4306-aa3c-41b98266f055,ResiDesk
wa200000667,0dc6cacb-dbb3-4e8b-9390-d374fa2311a4,LeadBoxer
wa200000672,2f5ba770-09ba-4dfc-b58f-1d88199c79b3,Adviser Cloud Assistant
wa200000678,1c50bed9-d108-4630-85a4-fa70add28ed6,Kushim
wa200000724,05c2e1c9-3e1d-406e-9a91-e9ac64854145,Export To Digideck
wa200000737,5a77a71b-52de-4984-8b4c-59b63fb65918,Plexus Gateway
wa200000769,ecd16dfd-c3f3-464a-a26f-d76e832c23c1,Contalist
wa200000864,ae284207-33f8-4b13-8960-c9b8487a19db,josh InfoSign for Outlook
wa200000875,6aba470c-c0c4-471c-97f5-bae7353ea08f,Evie
wa200000878,00ebe0d8-a7a0-4e51-bcae-ef5df1ea1b23,Lawcus
wa200000879,eee744b8-4055-4c0d-8dfb-71438725ccde,Upfort Inbox Defender
wa200000930,EEDA285F-805F-49AC-A7F3-9610E7F493EB,Shared Email Templates
wa200000935,770034b9-7f24-4d27-9c90-86ccf0733f7c,ProWorkflow
wa200000954,9e85593e-4efb-11e9-8647-d663bd873d93,mxHero
wa200000965,5b2529ce-4f7a-4a42-9f30-33fd515d751f,Keyhouse365
wa200001031,bb9c2cb5-8a1e-480b-830e-566a127ea00c,Mailbutler
wa200001055,665fb91c-77b4-4207-9680-2323a7cfbafc,Sugar Connect
wa200001057,80eeb3cc-d988-4f9a-800c-b65e7d559ac2,WEBCON BPS Cloud
wa200001073,698a6e7b-8ac8-4b6e-abff-952f25a7ac98,ShowAlias
wa200001081,E8AAF11C-6C42-4075-8AB6-8D0C2919F198,Intento Translator for Outlook
wa200001089,77EFD993-C0FB-4929-ABDF-24269152C8DC,Translator
wa200001119,0fd70977-6569-44a2-8adb-1feb199f4da3,Allego
wa200001206,cb85b80c-f585-40ff-8bfc-12ff4d0e34a9,Rate My Pres !
wa200001219,6656bdf9-a418-4bad-81d2-d4b9c5a2e428,EZLynx
wa200001231,6656bdf9-a418-4bad-81d2-d4b9c5a2e428,EZLynx
wa200001310,eb10df7c-4e7a-401b-84e6-2cb7daeae969,Template Reply
wa200001331,ad7019e7-1dbc-4545-9dbe-aa1ed167d946,Guru
wa200001392,cbff328f-767c-4e96-8056-a05b1cb35d24,Actionstep 
wa200001408,5fbb0ec3-3c74-4d4f-a6ea-a4b80fb7e1f7,Thrive TRM
wa200001419,fc668889-7206-4d15-9968-7a4966f7f459,Adecon
wa200001432,9DA3075A-F1BB-41A6-BE75-2FC326FA31F6,Federated Directory
wa200001452,33e85d92-380a-456c-8b57-9d7943dfb15d,Veloxy
wa200001471,a14de463-9802-4c72-afdb-ddda6a8ae9a2,RingCentral Scheduler
wa200001473,86fa0fb3-5eaa-4ae7-9040-77a7cdc5207b,Paperflite for Outlook
wa200001477,10000000-0000-0000-0000-000000007357,Word Rhyme for Outlook
wa200001485,ab8a3747-6208-4937-8261-be221db48a66,Zoho Recruit for Email
wa200001497,80d9cf64-36a8-4b4e-876f-8b494063d2e2,AnyMeeting
wa200001506,3023f55f-9686-4fdc-9b44-e5c2d6af5932,ER Tracker for Outlook
wa200001530,34f26754-172b-11ea-86b3-1610fc9c0c98,Lucid Meetings
wa200001539,038b75f5-14a4-40c2-8588-b5c31a5e0ee2,Axpoint SmartOffice
wa200001570,05c2e1c9-3e1d-406e-9a91-e9ac64854144,WriQ
wa200001581,dce29891-b629-4e73-9bd1-e141e24c832c,Tresorit
wa200001588,0ec8daaa-014b-4426-acdf-f06edeb15053,Meeting Place Finder
wa200001597,7f002d57-7a7a-4afb-8d93-ec4ba1e6ce4d,SuperOffice for Outlook
wa200001603,49d3b812-abda-45b9-b478-9bc464ce5b9c,Script Lab for Outlook
wa200001623,8cb6fe5c-fdfa-41fa-a4e6-ba19ac1d4b1a,Oliv
wa200001624,fc188889-7206-4d15-9138-2a2956f7f4cb,Wordeep Proofreading
wa200001644,cfa4f45a-29d9-4b17-a8ad-e241d64f57a8,Sapling
wa200001654,814f2245-31eb-4d48-a119-7e45d32625c5,BigChange
wa200001659,a1d9cd08-fe7f-467b-b01d-21386f95620c,NVivo - Integration
wa200001666,51b4e8d6-461f-48a8-a9d8-c222f7ff486f,Chameleon-i
wa200001676,68a9347c-c9c4-46fa-ab19-395399706e07,GoTo for Outlook
wa200001688,77EFD993-C0FB-4929-ABDF-24269152C8DC,Translator
wa200001703,7164e750-dc86-49c0-b548-1bac57abdc7c,Canto
wa200001731,4089c73b-5605-4a93-bb06-d2d61e2f37a7,Room Finder
wa200001739,3b157a22-d290-4e4f-9449-018471437d4f,Teamflect
wa200001751,39d560b9-f83b-4a5e-92f9-c724629c4a2a,SELLSATION for Outlook
wa200001765,1401C12D-AF95-45A1-AE6F-FF6DAE61983E,Content Central Office Integration
wa200001778,694454c5-0105-4e58-9207-b91f8f7f13af,Synapcus
wa200001786,2acd2b3f-e3a3-49ae-a558-d2929f1b8a5c,Phishing Report
wa200001791,f3474f70-df7d-49c8-ad97-ecc2fe702dc2,TikiPicker
wa200001793,eec188b7-156f-4cab-bc62-6c1bb349905e,Send &amp; Sign
wa200001795,40efcf3f-bd65-4f4a-9928-5f6254e35b57,Gong
wa200001796,391a85c1-8bd9-4b0f-adc0-9f26e8aa328f,MacroView Mail
wa200001800,ec00686b-ce06-4b7e-a437-dbcbfa8e2a96,Procurios
wa200001805,3a3d1a75-2f50-482e-9e48-8e121fdea670,Team Tools
wa200001835,169530b5-abee-4f01-974d-cc9ee97fd509,maverick
wa200001836,d4628dea-79c6-4f31-834a-5a10b20e13bd,Cronofy
wa200001900,13a47f62-becf-11ea-b3de-0242ac130004,Responsive for Outlook
wa200001903,d2e612e5-26e2-46ef-8bf9-05fb7dd63369,Vonage Meetings for Outlook
wa200001905,69fc02c8-0cfa-4eec-af3f-0c5b78523a53,Workiro
wa200001911,171E76EF-D73E-567F-ADAE-5A76B39052CF,Sangoma Meet
wa200001954,723306a8-21b4-414c-96c1-2685f675ddf1,BeeCastle
wa200001963,f920af6c-dfcd-4509-beb5-737bded936b8,Doodle
wa200001964,007e9df9-9649-4650-a260-58d7ceda751a,Huna for Outlook
wa200001967,e504fb41-a92a-4526-b101-542f357b7acb,Add-in Commands Sample
wa200001975,2f3170ea-9efe-4db6-877c-baebb2cb6391,Dealflow by Fundwave
wa200001983,fb86ddbf-8562-4deb-bd19-ffe0d9efad6b,Tribe CRM
wa200001986,d2ad769b-03fb-4824-9df0-8b3037d57ed9,Yoobi CRM
wa200001993,6482c9d5-a70c-46b3-a036-0ca45e5f3869,Unsubscribe with Unlistr
wa200002013,fda9c78f-c65b-4bbe-999f-6846cf5e6123,Enovation Zaurus
wa200002014,03134ae1-d2c5-4d3f-9126-261c616ac672,Darzin Software
wa200002041,7a62d158-f08d-4792-af95-70933fd55afd,Schedule a Visitor
wa200002072,c1e6958e-eedc-4b8e-9a18-a1eb13b685e9,Gainsight Assist
wa200002074,24231488-6585-46CB-BDD7-BB3F88082C1B,Tribeloo
wa200002076,18df93e3-af15-4d24-933f-024c38d9d3bd,Yablo
wa200002088,03134ae1-d2c5-4d3f-9126-261c616ac673,Simply Stakeholders
wa200002091,8ec37c7a-1c7d-41a9-9352-6e579f15f109,Lolly Law
wa200002098,8d8c8635-9765-4dd6-8b86-98edc7f55998,HackerRank
wa200002105,4b243d90-176c-457e-972a-ee6a4ea1c25c,Confluence Meeting Notes - Calendar Add-in for Outlook
wa200002114,437872ae-d894-4e4f-9342-57198af7937f,SmartOffice
wa200002117,07b104c6-d168-4583-bdce-38223a8915ba,Fitnet For Outlook
wa200002119,c6890c26-5bbb-40ed-a321-37f07909a2f0,Clear Review
wa200002130,d52ad4ce-db69-47d7-82a2-3039cc1af718,Workstorm
wa200002141,f45226ae-bd07-4537-b556-c0fa124b55ca,Hourglass Insights
wa200002164,0757ea01-5048-4643-98dd-8d3edbc4c3f7,Sigsync Signatures Add-in for Outlook
wa200002173,350ae37b-97e6-49a3-ab88-f62a56eb6d57,Phishing Detector
wa200002175,9b4919b5-728c-49f4-8a78-2d4abcfbb7dc,Mimecast
wa200002178,05c2e1c9-3e1d-406e-9a91-e9ac64c54143,iTimekeep
wa200002183,0ad223bc-394b-4b11-873a-4483540f547d,LOP
wa200002198,b7ba8b6a-0a59-4d0f-9587-65d094a1c76e,Filevine
wa200002212,1fe504dc-9040-46a9-a33e-c4d10e0d1c69,Phish AIR
wa200002213,06dfeed5-cb74-46f8-9bf5-62e4667ec09b,SEFOS
wa200002219,c76b1a76-9bca-4ed8-b26e-e21c995b4342,blau direkt Add-in
wa200002228,4e60e1cf-c4b8-4b8e-b8ea-cd80e2547a19,EmailFlow
wa200002250,a5bc57d0-90a1-46ce-b1c6-9158457b41a9,Anti-Phishing Bot
wa200002255,dc9e647d-7201-4c4d-a668-812287e61bec,net2phone Huddle
wa200002258,431780eb-6280-473c-bca6-3b43236f5432,anaba pour Outlook
wa200002269,39d78cc6-6677-11e9-a923-1681be663d3e,SmartWe
wa200002279,c5397e67-2843-42be-9d8a-680553896e4f,DocMoto
wa200002282,946adafa-804f-4d11-8002-a4070ed5dc83,iCRM for Outlook
wa200002285,214df843-a034-4f18-9fb8-4700027fb2c7,Salesforce Connector
wa200002298,454185ec-7334-4b9b-96c1-5a32f7462d0e,Affinity for Outlook
wa200002312,44f04495-290f-41b5-b4fb-264e88398c55,LinkPoint Connect
wa200002317,343b83ac-1639-4cc8-b62a-460241e8be50,SureDrop
wa200002322,068C2CBD-CAF9-495F-BA67-073B32BD3DDD,Instant Booker
wa200002326,fc188889-7206-4d15-9968-7d4966f7f4cb,Zoho Sign
wa200002331,0c7c5157-91ca-4c16-bec3-2afa5747dc5b,689Cloud SecureMail
wa200002350,B39A1DAC-987A-417E-A7BD-FF37BBA12C74,MeetingZen 
wa200002353,99d884f9-a001-468d-80be-5d12052d753c,Dynamics 365 Connector
wa200002355,a4ae8d97-d4d3-4c29-96a3-0f1cfc621270,AHAU 260
wa200002356,f574e961-2b61-4959-8ed5-25fcae18f336,Clari Groove
wa200002361,77670503-fe42-4656-a697-79d1698dec37,SugarCRM Connector
wa200002369,567f0a99-e383-44d9-bd1a-44a8e4d5d21d,TTS Platform
wa200002376,EB464A4C-B646-4A28-8201-337F39EEEA48,Colligo Content Manager
wa200002398,8719a6dd-87c5-4c35-8d3b-98d6050cb267,Riptide 
wa200002413,cdceaecc-1189-4b09-b748-8025df6a35b0,EWR for SwiftKanban
wa200002414,a1a142f6-a1ec-4e58-981b-2e4e00e3120e,Sustainably Run Meetings
wa200002423,52a1846b-bebb-440b-9db3-90ef967ccdee,Orphy
wa200002425,2e6685ed-feef-4e73-887f-5d9d4214b414,Optimiser
wa200002434,bc0d42c6-5695-48b9-8789-1e7de9fdc5f2,AFAS Software
wa200002435,f8cc6692-71d3-4a3b-b7e7-2bd54f3fa44c,FLOWFACT
wa200002436,2004dca8-b7f5-40ff-ab33-ce3dc3f3317a,Easy Teams
wa200002441,f113e64e-09e7-4ffc-9ad7-4d66c0e5b924,CargoBooking
wa200002444,ce33a138-e74c-4db2-a241-47f05ef4f9c7,Freedcamp
wa200002449,064799d7-1c0b-4138-bfae-626344904db5,CosmoLex
wa200002458,f387a9f9-393b-42b1-80c9-f1309e207831,CI-Signature
wa200002460,525166CE-E17C-43C7-82D2-F5D93841EC36,Kapta Connect
wa200002465,481a32a9-ab8a-4579-ac9f-df1a11a64e52,EmailCaddie
wa200002467,15322eb1-29d4-4ecf-b184-379c54bd127f,Humantelligence
wa200002469,3F32746A-0586-4C54-B8CE-D3B611C5B6C8,Report Phishing
wa200002484,622cca6f-1d8f-449e-8de2-7e67509d83d4,venabo for Outlook
wa200002486,c5083bde-bbd3-46ab-854b-d66f472abbde,Leave Request for Outlook
wa200002489,c05c38b5-215e-4cf3-bae3-324b697b9b3b,ImagineShare
wa200002507,77EFD993-C0FB-4929-ABDF-24269152C8DC,Translator
wa200002509,3947c80f-df95-40e8-ba5d-c5b4800dad7d,Nobilex
wa200002536,59f7191c-06c6-40fc-b779-36f057a5b5e8,Klyck.io
wa200002553,2f97adb4-0ae1-4f0d-8858-b728238e730d,SolidNexus
wa200002558,a90d8103-ded7-4c27-be3d-384f30ae4821,Covideo
wa200002561,15c2e1c9-3e1d-406e-9a91-e9ac64854143,Phonero SMS Office
wa200002563,c0aba794-357f-4c14-a9e4-be51b2a0236e,CI HUB
wa200002570,c84000c2-b389-4929-a20c-88b2aecbf021,RecognitionNow DM
wa200002593,e48fd8da-ca5a-4e2f-8df0-6e23f30fec3d,TrustiMail for Outlook
wa200002596,bdd25e2a-ac1b-4345-8f8b-aa6ee8285919,ESL's monday.com for Outlook
wa200002616,0b4286de-969e-4639-a35c-7cd3cbd7916c,Docubird for Outlook
wa200002627,4a1d0d97-cc26-4fb1-8e12-e022b360f5d9,Vantagepoint
wa200002634,bb1302a9-ccb9-4daf-915e-359bf5220565,Yadera
wa200002636,74ddf371-6d94-4e1e-8839-3e330d4514f7,MiTeam Meetings
wa200002637,6f3da974-71d4-4e6d-bde6-a5804b0c675a,Scribe
wa200002646,a67b08bf-a867-4fe6-ac3a-7f66776412cb,Writer
wa200002666,1629efa9-7180-4e99-8f63-aca53a71adbe,xiQ Profile
wa200002668,edce9984-03f9-4b67-9806-dfad8edc4138,e-Share Secure Email
wa200002686,d6072c51-72e9-4bbb-a34b-0dcaad6bf00c,Todoist
wa200002693,d132b846-7218-4f10-901d-328611098748,Juniper Square
wa200002695,39118598-0d92-4d97-bb79-826493bf8836,Connect+
wa200002699,8c1c2c5f-90ea-471c-ae9c-df4b4c6a931f,LawBillity
wa200002731,649AF5A7-CE53-4321-A441-507141E148E0,ALVAO
wa200002760,08917073-dfdd-49de-88b9-e08b3651bc5a,inlyse Mail Security
wa200002766,834d6270-877f-4c90-8d0c-39c3fd177a3d,Send with signNow
wa200002767,4eb0d3d5-11dd-42fb-ab76-d8b1d13ec695,Linguix
wa200002786,1b197816-4202-4781-86e0-56c40f2e5706,ProjectPlace
wa200002787,6457fdb9-55d3-40c6-a023-a74744ecada9,Systran
wa200002789,76CD36BC-E246-403F-B81A-5292DB54E02D,ChilliDB
wa200002790,5e6c2912-cafd-457d-b2b8-b21a3088ffda,Core Strengths
wa200002792,86d3993c-13c0-4b02-ab2f-eb874965d894,Beesy
wa200002800,5fd02047-5752-4d92-a508-74e015858f23,InterPrice
wa200002837,95f212e3-d1b6-4864-838d-5a92ae5aef14,Basic Sales Addin for dailypoint
wa200002840,bc06c148-4b11-44b9-9bdb-c5bd7a134a82,SecurityGateway Options
wa200002842,0ef8b29f-ff7f-4603-b4f3-ea836b406f3f,JioMeet
wa200002844,1974cf75-c1f6-452f-a54a-17fb0588f0b4,Rolldog
wa200002845,fe66411d-1e8d-42e1-a6e3-bb98f33d0fc5,Capsule
wa200002848,89F9D24B-6388-4B81-BBB7-C09B3868E4B8,CLIPSE
wa200002858,a49944f7-b97b-4de2-abb2-9397d1b11bcc,TourConnect
wa200002861,40636f62-9ca6-4fa5-bf0b-b1b42f1d9dfc,Tabled for Outlook
wa200002867,fbf5457a-289e-4cc1-ab45-6bbc0b78ee76,ActiveCampaign
wa200002872,d0579c7f-cd9b-4bb5-a5de-2fb2162e71e3,Autorun test 6
wa200002884,38b62717-e309-47d7-903f-ce45171ce489,TagMyFav
wa200002897,df7e1b1c-af1a-4eb8-b29d-02cd497882c4,Backdrop Add-In
wa200002899,0c844d4f-5eec-4330-a142-f8a8255c9110,Mothernode CRM
wa200002901,1bacdba3-7a3b-410b-8753-5cc0b8125f81,Inova
wa200002903,02e0c8a4-23ac-41a5-abb8-ac6e9c047fa6,Dataforma
wa200002918,ba2ee9e9-ae28-4bab-8188-6f278cca92e0,Insert HTML by Designmodo
wa200002924,8c1fba59-3cd3-4a3c-84d3-1ebf98941a7e,Crewdle
wa200002930,9f6113ad-7140-45fc-8715-101919d434f4,Reserve
wa200002939,05c2e1c9-3e1d-406e-9a91-e9ac64854143,QuoteToMe
wa200002941,f0165fb9-814a-4a03-9618-41b531a9685e,OneCloud Connect
wa200002947,36031130-cfe8-4c81-b524-0ec1175afaa5,BT Cloud Work Scheduler
wa200002949,8eeef5f3-30fb-4be8-a2a6-dc09c411312e,embedADAPT Meetings
wa200002950,11c1918c-6c2d-4498-96a0-7171f4e2a6fa,Optimiser
wa200002954,cb28f5d8-dbd0-4169-9075-4bc8315beefc,Letsmeet
wa200002971,05c2e1c9-3e1d-406e-9a91-e9ac64854143,FollowupCrm Add-in
wa200002979,4d2a14c1-f3a5-42ac-8127-d958d752bdc8,FreshBooks
wa200002989,06aa36a1-a15a-4c78-acc2-12307a7a7a60,TimeSheet Reporter OUA Light
wa200002991,657e833a-c931-4ad9-a378-c781ec631057,Letsignit Add-in
wa200002998,d8e9fad1-76c6-4a4f-8171-14daec343e30,Redbooth for Outlook
wa200003003,a4f8fdf0-10de-4275-87c0-7b528cb193b2,acta solutions mustang
wa200003015,1cd8d72f-a949-4649-9891-51fc8297dc49,Lexzur Connect for Outlook
wa200003016,85ed5329-9928-408b-aa4f-3822a160e3a7,SEPPmail Encrypt
wa200003022,40695BFC-E831-4980-BC79-D786569E9F34,CodeTwo Signatures
wa200003030,d4acca7c-f413-41f3-a870-897b1c02f858,LibrettaÂ® for Outlook 365
wa200003031,bf8ff9f5-ae83-4b94-901e-b1204c39f574,Anomali Copilot
wa200003032,1a27fe6e-0fd8-4f52-b0e6-94bff4a88fb3,AI-Powered Reply Generator
wa200003033,d1f79baa-79e0-4af9-b3b6-cb4719fbef34,Consensus
wa200003039,32e047d1-c0a3-49b2-b70d-1f390ece7812,verbMAIL
wa200003046,d4b2db3a-d289-11eb-b8bc-0242ac130003,Aangetekend Mailen
wa200003048,eeda6c82-0d7a-4d02-b67a-7911bbed13e3,Acty - export email 
wa200003050,f347cb43-66ff-4f06-8e60-64df42ccea02,CCA fÃ¼r Outlook
wa200003053,22D84482-E0A1-4169-B6DC-8544AEE99266,VisionCatering - 3.5.0.0
wa200003057,b7bfb2f1-d570-4595-b921-8cf56de34adc,relatico.
wa200003059,e7fa4ce0-d447-416a-8587-1069e4203e4b,RetMig og Kommaforslag
wa200003061,ac763623-0931-4b36-a009-65433043a7b2,Signulu for Outlook
wa200003064,97fefcc9-e46b-4aa0-a22e-b85758fb34ab,Cascade
wa200003067,e91d49e2-9145-4e2a-9f11-39c2272575d4,SEPPmail Encrypt with read receipt
wa200003077,047e9207-0ba2-40fc-811f-a807ceb6463e,TELUS Business Connect Scheduler
wa200003079,4858ba47-73ea-4bb5-8991-aa03fba62a1d,FreeConference
wa200003080,d78c70e9-61de-48bd-9803-4d643e717c7a,SEPPmail No encryption
wa200003084,6112f9eb-8184-4076-ae1d-36596ae16d27,Kommatroll
wa200003090,7c9a8509-4895-4ede-a10d-bfc3e7657f98,Stan Email Assistant
wa200003093,54bee095-493e-49f4-a080-6261daf156b9,SwiftFox
wa200003096,a4a5f1ae-2020-461b-a5aa-792dd3f03ec8,Commatizer
wa200003102,B787D2E0-D1E7-44F6-BD46-3508C87333B7,Straatos for Outlook
wa200003103,A3EBCA53-3A45-4E20-94D3-BF1B05960C1C,ToolBox
wa200003104,7bc47fb3-a95c-4911-8c26-39f4f94c7705,Sealit Secure
wa200003109,123c5c3e-6038-45c6-b75d-96efbdc86ad0,Employee Onboarding for Outlook
wa200003115,d4a086f5-c32d-45a7-a974-bac7cfcb8404,ReachUC
wa200003120,ea808d6c-c1f4-4a79-9340-050c775d14c0,TimeSense
wa200003127,1251eda0-57f4-47d4-88f8-ea48754114de,Docketwise
wa200003129,09491508-a5ca-437f-99cf-5bc3bea600e1,Dealpath
wa200003130,e1dc3fd2-6115-4b4e-a87b-1c1ddb727d5b,Officebooking
wa200003138,5332fe71-12a2-4184-8edd-b489851d68a3,CyberWallet
wa200003147,80d99f64-36a8-554e-876f-8b494063d2e2,Online Meeting
wa200003158,05c2e1c9-3e1d-406e-9a91-e9ac64854143,Word Search Add-in
wa200003163,efdb2b2e-eefa-4a2f-94c5-3dadcb5b599b,Multi Approval Process for Outlook
wa200003168,f5700210-9a82-4493-86d9-3d43ea29d0fb,Comeen Workplace
wa200003174,4db6b7a8-71c4-4fb6-8634-78ebaa3891b1,ARchitect Interactions
wa200003180,65819494-c43e-442f-81b5-6ec98921b86f,Service Request
wa200003181,c52cad7e-042c-4e59-a7f0-5b3980a09c67,ARI
wa200003187,ea2ce177-3492-4e55-a347-1491f4f7db81,Phished
wa200003190,4b55ab82-9fe2-4e1b-94e8-69a7afbd34ef,BlueCamroo
wa200003195,6a01635e-4e78-4b00-913e-438643fa1b8c,DocuSoft Add-in
wa200003197,2cb328a0-e383-4762-9383-aa0c275bb943,okKoala
wa200003199,e4e2434e-18d9-45e0-874b-f32dc65f1595,Impression Signatures
wa200003203,bc96b62c-655a-4489-83cf-c9e718d945ce,MerciApp
wa200003209,4905dbbb-3401-41c1-82ae-7ebc6b9f68f3,VidyoConnect
wa200003217,c316c423-029f-4149-94f4-7fd006eca64a,CRMTiger Addin for OutLook
wa200003223,8a0c2c78-c44e-460d-8873-aa2cc61db91f,TAB
wa200003231,f6ebc0a6-6653-4cc2-b573-c6e81288c31a,touchSMS for Outlook
wa200003243,A0AA16D2-AFA8-41DA-8CDC-BAAF53076F4D,Storegate
wa200003255,2b150884-90ce-4688-93af-83af7bbced60,DoqDrive
wa200003271,82d9a408-f6d8-41fa-902d-354b6696da2a,Edgility SMS
wa200003292,909d3fcd-98e6-4ee6-932f-d82da1a381dc,SurveySensum
wa200003294,36a74d54-f638-4e51-9c97-44133050d4d0,Midaxo CRM
wa200003312,7b32a5e6-a03f-4fa4-9b51-460b50916518,Coro
wa200003325,cc21036a-8f63-49c2-82d7-ec8d75de9eb4,Commuty
wa200003328,a39a49f0-c010-4a0c-ab34-37aae5d39ba0,PROXESS
wa200003335,c60b4751-9ad3-458c-b92c-cf9a3e76adf1,ZeloMeetings
wa200003340,1c13d088-bdb4-4134-ba61-3c0a490c1862,GTM Buddy
wa200003341,9cf74b4d-8e5e-4c9a-a814-e1db9a803a7a,BQE CORE Add-In
wa200003353,02e11a96-3d5c-4fd2-92ba-cb56c477b959,SEAD Free
wa200003358,f010a531-fd4c-44bd-9eba-72901dc55a40,Taghash for Outlook
wa200003370,adbf7093-b28b-4b4d-948f-14b9d5328ca9,Org@Work
wa200003377,3b31b622-f263-4d33-88f0-7cd22a365adf,ClickMeeting
wa200003389,d1761161-5dab-44be-87f1-6c4be78120b6,Best CRM for Outlook
wa200003421,a99b6822-3494-47bb-f6c4-d1a167f02aa3,Acuity Essentials for Outlook
wa200003439,fac32193-cdf8-42fd-962d-73fdd525c719,EVA Check-in
wa200003447,3bb8d042-3f0c-4e63-86ec-448610c5f7ed,Knowa for Outlook
wa200003468,3ee4b424-a108-4bb6-b6f3-9cf0f48e1315,Contract Assistant
wa200003472,8ed1f63f-71cf-469f-bbac-1cf438dd2f12,ISOPlanner
wa200003475,844ffcb1-4c3a-4a87-8de0-054cdd931902,Qalam
wa200003482,6ef3d848-2781-47ba-91b4-c1cb7f0baf1e,Laserfiche
wa200003485,90c1e2a9-c9e5-40d6-b42b-cd31afeceb3c,MobiCRM for Outlook
wa200003487,f1f7ac4e-1e1b-4bd1-bb5b-f39bcb228afc,Alexion CRM
wa200003488,0170c8b8-b1c9-42df-af23-6d02080628e3,CheckPhish Scanner
wa200003489,27d5b91d-73c2-418f-bc95-ef97bf092db3,Flickrocket
wa200003498,53007d2a-c1c6-43bc-8f3b-7b6aea3715a6,Signature Manager
wa200003499,cc78677d-6109-49d7-986c-392e40494679,Signitic | Email Signature manager
wa200003503,093dec06-1a6a-4d1f-8a60-342d91b01e23,Gfacility
wa200003504,1ad81031-1af4-43d4-92f1-3d5a3bbbe00c,Networcx-Assistant
wa200003513,515e6c9e-a815-4791-b089-3c8b730a6034,Avaya Cloud Office Scheduler
wa200003521,c2a0184e-2e25-466b-8edd-c1eee9458ceb,Psychological AI Analysis
wa200003528,2597daac-b447-4053-aa98-7c8486031286,nps.today
wa200003531,ca535ae4-0827-4223-aad4-ab3a4d2f735a,Xakia
wa200003542,8bdc9604-eca0-4e7f-8500-8398a2fa2e5f,teamsTALK
wa200003551,8912d033-243b-43ba-bb09-f803c570ee6b,DataQuality
wa200003557,0c9f8c12-65de-423e-be74-e6490cd449fe,Profit.co for Outlook
wa200003566,174190e8-2cd4-4ce5-8d94-9ba94e5b47a4,Clio's Outlook Add-in
wa200003569,6a63e9c7-d328-41b2-a0f6-e76a9da12b49,Socialboards
wa200003576,203b60c7-24d1-4f64-9eb7-8aa71596c37e,Strategy-AI for Outlook
wa200003583,c74e3fdd-0cb5-49ab-aaa8-58a61ff2dfa8,Nelis for Outlook
wa200003596,de55e76c-e382-43c5-b27e-73a62ec160dd,Space
wa200003613,db27cf21-162a-43a8-8a60-58956c1fa585,iDSS
wa200003622,b9c4dc8f-cd67-48ec-b5c3-01edd1b2faeb,RecognitionNow
wa200003624,f590205e-31c8-43b0-8b14-bbc26de73d7c,SynergyOS for Outlook
wa200003633,fc188889-7206-4d15-9968-720116f7f4cc,MetaClean for metadata
wa200003649,adbe0812-f418-418a-9094-719f15e26866,24sessions
wa200003672,647e220e-f127-11eb-9a03-0242ac130003,SETVI
wa200003699,2bf21887-b1d9-48d8-8862-9c419649f798,TickTick
wa200003729,13a0a1bd-ee55-4127-9439-85cf786bee91,Scopevisio Connector fÃ¼r Outlook
wa200003748,d46bfce3-f777-4f00-9f60-47833a4f2412,Salesloft Draft on Behalf for Outlook
wa200003753,e4c1f2c7-dd1e-417c-91b1-75715f0089d9,NetExplorer
wa200003759,efa68a34-318d-4a23-bb6d-56f34f2f3393,Book a Moorepay Holiday
wa200003762,3decade5-c001-c0de-d00d-dec0deb1abbd,ReadNotify
wa200003763,ae82b890-0925-4717-962b-33605a11065d,SIGNFREE
wa200003777,42bc4453-1997-472e-b661-3cf5acffd98c,Tracker
wa200003789,398c96cb-e6e2-4939-ae17-d92ccff7ae3e,NetSuite Connector
wa200003793,9e00fcee-3b47-4a17-98cb-3185de3436a5,UNIVERGE BLUEâ„¢ MEET
wa200003797,ee987bd1-f400-459f-aa83-a4212330fc26,Diligencevault For Outlook
wa200003808,c7ed8457-b11a-4375-b60f-33d341bab095,Visual Visitor
wa200003832,99808514-95b2-4fa4-9ade-65deabb99c61,Penbox
wa200003836,040842e1-7af1-4385-939c-7a1962d8e95a,collab-meeting
wa200003844,395bf0a0-917c-4258-8b5c-1edf57304dcb,AT&amp;T Office@Hand Scheduler
wa200003845,65c56022-6aa3-491e-bbe3-553476346284,Avaya SpacesÂ® Meeting Scheduler
wa200003852,92bc2ffd-cf4b-428a-8150-f2a1e577e823,SmartOffice
wa200003854,2631e6e1-bd70-4b19-95d0-dd135d960353,LeadSquared for Outlook
wa200003860,542b1955-9cdd-4f02-b80e-1b3fb6aaf663,MadeMarket Add-in
wa200003893,1c202150-1c90-44fb-98ed-ef9643fdc2fe,Seismic
wa200003922,c0a470c1-c1f1-4911-9cc7-fc2ee690d10d,LawVu
wa200003923,8afa1b2e-4f16-4bfe-9b9a-72791058c6d2,Nitro Sign for Outlook
wa200003957,b311ebf5-3d0c-4dd7-bc3f-41a6adc9e4ff,Teamwork
wa200003959,fc188889-7206-4d15-9968-7a4966f7f4ca,ContractPodAi for Outlook
wa200003960,9da35367-a1ce-49c2-b584-7149f0e33069,TermSheet for Outlook
wa200003963,55dde59c-8bb8-4038-86b4-d7e82cb0f7dd,ALOE Email 
wa200003968,23f6ee1a-2ffd-44fb-bacd-64f97ceb3144,My customers (preview)
wa200003978,21966839-ab77-4ee6-8f52-16e6a1102923,Viva Sales (INT)
wa200003986,e42a73af-7837-4136-ad3b-a4529ddd9c29,Divalto weavy
wa200003993,4339c77d-0b8f-4d51-98ba-34c3cdda2d07,Quintrx
wa200004007,6736FCE2-4EB3-48D7-B47E-94F1ACFB1F7C,Dynamo Web add-in
wa200004012,67f4b63d-c335-483f-ac7d-ea105849a6de,Zoho CRM Connector
wa200004032,C341AD31-BF7A-4C1D-99F1-D2E5896BEB0A,Newoldstamp Email Signatures for Outlook
wa200004035,8ec8899d-d5d5-4570-8268-5e01498aed18,Text2Task
wa200004049,ea4d11e4-4bae-4727-b8e7-0c0957913062,Mecenas.iT
wa200004050,da8741a1-2164-4872-af58-907e38e049bb,too-doo for Outlook
wa200004057,9703fc0f-1c25-490f-9c6b-3c06f367a813,Scribe
wa200004058,802F404A-2D18-411B-9F11-44CFD8639D93,Dasseti
wa200004060,5ae9c27c-5020-44e0-8e9a-c9d003d6e1b0,MSBDocs eSign for Outlook
wa200004075,910d4cd5-eda2-464b-895e-a4e3c4705d1d,Cloudya Meet and Share
wa200004076,e4717224-b422-4f0d-bda0-ce4f23d97cc4,OfficeRnD Hybrid
wa200004084,647da66b-467d-4ec1-b02e-98674c9a19d3,VerityRMS
wa200004085,18EEA885-12B9-4055-BB92-3A95BB7A9511,Boost My Mail
wa200004087,1f59be1d-b536-4ac5-814a-d69a5e48935b,Repasat
wa200004088,832ed943-aa77-4d7e-aecc-e4dc9e25ace7,projectfacts
wa200004090,8f926022-0784-421b-b4c5-da83019aba86,SNAP.HD Meetings
wa200004102,2246bf88-d37a-481d-bffd-5d0311b401b6,Appspace Places
wa200004110,b0146b96-5f5a-4508-9cab-507ec358ab99,Learning Experience for Outlook
wa200004117,ce473886-18be-442b-a65c-b4d7c935d1d2,OXO signature V2 
wa200004158,cef2d04b-ebe7-4eef-b68c-e979882a837a,ClauseBuddy
wa200004166,95e3e007-4d36-4dbf-8963-90084eceb396,Betterworks for Outlook
wa200004167,d92e5273-4932-4880-ba15-d620bfadc257,Broadvoice Communicator
wa200004176,e44fdc86-7266-4a5f-92f6-afec3c91702b,SharePortals
wa200004177,03dde774-2969-46d2-b427-6988a3747883,Egnyte for Outlook
wa200004180,91ee4ee3-a18e-4baa-8d5b-31e32a7ea480,LexShare
wa200004186,cd280bc4-9ce3-4c1d-93ca-b9e8b3af4ce3,Mailissa
wa200004194,f1664065-f080-4963-b1ee-fdeeb2deb6bd,SIGNandGO
wa200004207,b5b30eea-c98c-4c94-9dd4-31d020e98466,MTS Link
wa200004208,5b5b8dc8-dd1b-4b2f-84d4-fbba8fe7adbd,Archie for Outlook
wa200004219,3d7dab89-8dcd-4917-a89c-34785844caee,Kukkuniiaat
wa200004279,55253ca9-e782-4bad-b828-5ed96aaae706,Mashoom for Outlook
wa200004282,3a8effa3-e7ca-4663-a830-9ae3d3a191a0,Portex
wa200004292,70740af2-d4c7-4f35-8757-ca6066de6c12,DealRoom
wa200004293,39b4fcd3-3f20-4332-a218-5861e6335229,Acall
wa200004305,96E1F7A3-B653-4BC2-895F-D5FAB6AE13EB,OfficeSpace for Outlook
wa200004351,721e8b10-e412-4b5d-99f0-57f9b60ed51a,SuperSync Email for NetSuite
wa200004352,86921250-9b8c-404e-99f6-d4eed860f65e,C2 Transfer for Outlook
wa200004367,d66457a0-ef3a-430c-930e-cdb3f14daaa2,NextStage Addin for Outlook
wa200004371,54fe4c4e-c85f-4c86-9458-1cd915821fc9,Nuvolo Reservation Plugin
wa200004373,b5d828bf-4bee-46ab-8032-466ece003fd1,Mediprocity
wa200004386,542dc4e0-f7f6-4c44-ae06-c755832847fb,Add it
wa200004406,49e3297e-6d0e-4acf-a011-2429fd69faf3,SlidePresenter
wa200004412,3518cf43-9ca9-40f4-9b2b-6d14bd5d2ca4,Vocal
wa200004419,e2563405-c944-428a-bb6d-bf44b71bd9e6,E2ETestingWithAutorun
wa200004429,6238f2be-d507-4c7f-b88f-4ee011d301dd,Repbox for Outlook
wa200004439,4b174368-48ea-4313-ada2-146c27926429,Add-In Recruiter XL
wa200004445,1a0922f8-00aa-11ed-b939-0242ac120002,Chorus
wa200004452,9438af68-443a-49ac-9f68-848de6d18ab1,Matrx
wa200004482,ba39d595-6803-4610-b6ea-607d45be023b,CloudLex for Outlook
wa200004486,AA0640A1-4057-469E-9379-EA29C54EF8F4,Dasseti (Demo)
wa200004496,67C91310-D756-4E69-A46A-8CA75E3D6A3B,Meetingflow
wa200004512,efc30400-2ac5-48b7-8c9b-c0fd5f266be2,Exclaimer
wa200004516,c7c3b43e-d32c-413e-9a84-fe3945548d70,Encyro
wa200004526,5460653e-9beb-4e0d-9e1b-aefc510cf6cb,Spaceti
wa200004528,c5fe29c8-55ef-4d57-a466-a6e16007e50b,Attendee Contact
wa200004543,407db76a-9a92-4e49-9729-b8b826230df8,Confidencial
wa200004555,02561153-1d26-408c-a8a1-0f01962dc741,Textshuttle for Outlook
wa200004556,b23cca32-91b1-48ce-91b5-ece55ba4674e,Insurgo
wa200004562,efa8589f-fe1a-478a-a9ee-674b10415b16,NameCoach
wa200004563,5791978e-c2fe-457a-aa4b-5dd57c16e361,Lexeri Term-Checks
wa200004568,946e4558-043a-469f-a2e1-99a495418006,OutKept reporting
wa200004572,73af7332-7e80-4e3a-9a80-92b94c93c39e,CarrotCut
wa200004583,326faab6-312f-4242-96a5-f9ddb81e6799,Article Galaxy
wa200004596,1d210d5a-8026-4719-b147-a03d97070091,Reservations
wa200004603,ee4a77b5-b938-4dc6-9466-41ed7c6d82b5,Go Autonomous
wa200004611,cf6ad990-d2ce-49cc-af40-ad7bb66ab634,Lexpro Outlook Integration
wa200004613,e58d550f-13ff-fa9d-2fb8-bcff80688df1,Priority Matrix HIPAA
wa200004616,9e45a20b-5535-4399-b7d3-f1eae122f30a,Diary Detox
wa200004626,f1da79ce-4558-4e73-a2c0-4656a8fe2174,ezMark
wa200004637,30c77c14-28b0-42b4-99c6-929f992dfd41,OrchestratorBot
wa200004647,2e6d9276-9b57-4f1a-841b-4e4ae399b8eb,Sine
wa200004652,c0d0f88d-f7dc-455d-89ee-2b759135e44f,Moxo
wa200004656,24d0343d-3f42-47e5-9530-32e601acdab7,Edda
wa200004663,41ecf199-58ae-4095-ab59-0c5df9e89d7f,vidREACH Video Share
wa200004665,f6ff3952-cb91-4134-9ac8-110c4d33ad16,InTouch
wa200004668,e894ac5c-581c-4708-ba69-cc81f36f8391,ZeroTime
wa200004671,530f2364-6fc2-4a1f-9198-8162dc649427,Snapcom Meeting for Outlook
wa200004673,0a37c2ac-91f0-40e9-8e87-fb577a0849e6,Thread for Email
wa200004686,ac0d2830-ad92-4e1a-86d7-60fdbb51e380,Report Phishing
wa200004691,70b13522-a63f-4200-9cc3-e7d6b2dc59a7,Flexopus for Outlook
wa200004695,5e4862bd-a560-49f8-b250-de5c609fb1ff,DocPortal
wa200004712,fb86ddbf-8562-4deb-bd19-ffe0d9efad6c,Perfectview CRM Online
wa200004721,8b36bf33-7f1a-46b5-bf46-cb95f9301e53,Guardian Note
wa200004727,da644bda-64f1-4d17-b6be-0b37688dfbbe,Visavid
wa200004729,b6b03dd8-824e-44b1-95dd-c86590b3dc85,Culture Cloud
wa200004742,997d962b-42a7-4a4b-9016-4c500bb3971a,Dropsuite Outlook Add-in
wa200004760,662dfdae-3376-11ec-8d3d-0242ac130003,Yoxel
wa200004765,A213AFBB-806E-2D05-BBAF-EF3384D30022,Outlook Dogfood
wa200004797,7c5e88b1-2743-43a5-878c-e143c6ea78ec,Translator (CDN)
wa200004806,cdc7db5f-dad0-46d2-b3a9-a735b1080198,Letsignit Add-in
wa200004810,6e78c181-3b40-43b1-b434-fa1797f30619,MailWiz
wa200004834,910d4cd5-eda2-464b-895e-a4e3c4705d5d,Digital Phone
wa200004844,d92ccb75-3591-4ca5-9f16-bbfe04f1603a,Nicoka
wa200004847,ceae1c96-29bc-46c0-9968-720ac8538276,RTVision for Outlook Integration
wa200004881,c221ede3-63c8-444e-88d0-a4b82917695d,AI Email Reply Writer
wa200004889,401ce92c-438c-42f7-9317-9bb70c937b5f,My Ai Secretary
wa200004896,d04640c7-bad0-4b8f-a6fe-f524ab5fc3cb,Sign+
wa200004902,d60d8d60-b0aa-4164-8b53-b2ac78b796db,Cascade Strategy (New)
wa200004909,30d403ce-c2a8-4166-b982-093f5f6fa923,Talentis Add-in
wa200004916,6157e311-45dc-4f39-9756-9c0c4e311fb8,Dazychain US
wa200004917,fce1562d-d3e2-4a28-ae27-ebfd85dd9ae8,Dazychain
wa200004924,a8d54630-1e1f-463c-8e13-82eb03a1ee17,Calendly
wa200004929,fd86eb70-7536-44fb-b837-803561857baa,Backstop for Outlook
wa200004937,69176ECC-A49E-4B78-8338-3CEC56BA6D99,Image Chooser
wa200004954,ef6541ff-b37b-45a1-a008-13a9661a5eac,KnowledgeNet.ai
wa200004956,581d28b3-0ecf-4e63-89ba-c5c3d12030cd,Awardco
wa200004958,bb2dab9e-522f-4e44-a001-2457d335e721,Showpad for Outlook
wa200004960,babbf439-d0b5-42b7-b6cb-1e4de34f994a,CultureNext
wa200004967,abed54c5-fa37-412f-b77c-c798efe72be2,SendConfirm for Outlook M365
wa200004973,bcb0ae42-ff5f-4f1d-88ca-f93c0f959f97,Send to Trello
wa200004974,b63b084b-3e71-41aa-a0f3-6578785edae2,ndMail
wa200004975,5b65abe0-e1cd-44e3-8eec-b51cdea4e44e,TrueConf for Outlook
wa200004978,a1a6e520-2b26-4c31-bea5-e21b5e8d16ea,Plan arrival/departure
wa200004979,467cc3e0-b581-44d9-97f7-351e58a2ae61,contracktime Add-in
wa200004981,9df19c18-7f51-4c89-b626-5da9a69af519,SpotDraft for Outlook
wa200004992,9b1f1961-b66a-4627-9c14-b6eb8972d97c,Signature365
wa200005008,204fefaf-8dbb-41c2-849f-73b309e31a26,Toolkit.law App for Microsoft Outlook
wa200005015,eb5b826c-bdaa-4eff-b1b2-e5ad342881c1,Share Work Jr
wa200005019,e4b968f6-a5d1-44d0-8a5d-584505cb46be,Everest
wa200005035,93ba175e-9fc0-481b-be18-4b369042da86,QReserve
wa200005039,f1c91473-65da-d3a7-99e8-9a824c284cfa,Priority Matrix Government
wa200005049,5f3dc08e-14ff-4d7c-930e-86e5b823f7d8,Bastion - Report Phishing ðŸŽ£
wa200005051,63312176-17ce-43c3-8d71-1406593e73e5,MTrans for Outlook
wa200005053,b3b8da19-4284-446d-9faa-1690df70be4c,DealCloud for Outlook 
wa200005062,eef2d7b4-240f-4218-a443-1bb8884bdf26,ISOPlanner Task
wa200005094,5bcd70b8-8518-498e-a6dc-54ef4b0f6f06,Evolio for Outlook
wa200005112,56f8f9d6-3bfb-4884-bd39-7194359ee3b4,Email Blaster
wa200005124,dfdd5eca-4c0a-445d-a652-63906c3f5c9a,Vios JurÃ­dico
wa200005132,126af72f-72e5-4e91-9113-a504fb0153b3,Buscador de Salas FAMA
wa200005135,ff23111f-4403-4781-90ed-8337437cbdfc,ELIA for Outlook
wa200005136,e303f977-eb00-44ce-8154-7adde10ed245,QRClip
wa200005152,c2c560d2-91ce-4f59-883a-f6fff90e5dbb,Walking Meetings
wa200005160,55fa2fb4-274c-4811-aad2-a0c6ce2fc1b7,Ghostwriter for Outlook
wa200005161,cfd1ec99-98a6-4966-a672-11b4403aa99e,BizVibe - Turn Contacts into Insights
wa200005164,cf05277f-5cb2-4300-ad3f-269f7411dc1f,TeamSystem Legal
wa200005165,b350e788-73db-474d-b0e6-0eff1cea6a36,RePhraser
wa200005166,05c2e1c9-3e1d-406e-9a91-e9ac64854146,Phish Inspector
wa200005168,8ae4fcda-026f-400c-9ea3-f8f3fcb51078,MailMaestro - ChatGPT for Outlook
wa200005213,f5be8023-c697-4521-a6d5-bba33bb94cc5,ByondFiles
wa200005224,f2ef5121-9f40-4bcd-870e-822adfbec87b,doclinc for Outlook
wa200005225,48b83e1f-de12-4178-bfd2-1f5cf9f7e83e,ClientManager for Outlook
wa200005237,d5e8242a-0f61-4ae3-9351-30e41d37ceb1,Signature 365
wa200005257,262225db-49e6-45ed-992f-c434ca5fc1ae,WriteNow AI
wa200005261,3222526d-6f63-4793-bf50-075bfcc0e0c2,VComply for Outlook
wa200005262,49c5c2ce-7cc9-4af7-8837-5d27bbc8a06f,LexisÂ® Create DMS
wa200005265,ebe92045-ee9a-46ef-a02c-7cf1416ccabd,MyCase
wa200005266,34473886-18be-442b-a65c-b4d7c935d1d2,OXO  V2 
wa200005280,80036d6d-92b4-449f-8f63-cca4e32f1c3e,PlanLookApp
wa200005285,205f1ca2-8b84-4cb0-90a3-28028394fbfd,LinkPoint Blade
wa200005288,3f196c95-011a-416e-9c8a-cb90b617e101,alfaview
wa200005290,00e90d95-8094-4c61-934c-a181eb40afdc,Handle 2.0 by CustomerTRAX
wa200005291,90835b73-5aad-4a4d-82a4-cea6f9c925f8,beSlick
wa200005303,fe1730e0-5896-4727-8b85-c1620a521bf1,Suralink
wa200005307,1cf34e01-5c6a-4237-b7aa-d7a8925e4646,Domo
wa200005320,327a6be0-bd31-4fe2-99f2-70657dc2f300,Mailsuite (formerly Mailtrack)
wa200005325,5d2c9921-812b-44fb-a112-fcfaad194581,Phishup
wa200005335,80a8cda4-23ce-4dd8-a93c-bd1cf06f9f55,Signally
wa200005336,05517a63-03aa-4035-acfa-f32ccb074ce8,Onsight Meetings
wa200005340,3ddb49e6-5c7b-43c1-bd04-f057fd2697b0,Touchpoint Connect
wa200005341,d21dd25d-80ce-4052-9b10-9f07e8bf46b9,Sage CRM
wa200005342,121df155-a455-408e-a04a-0be797c3c0d5,Visionable
wa200005349,5e361bed-b8df-4d01-8fa7-5b8730afc400,emSigner
wa200005362,523e4e78-abfc-4cbb-afef-d8e9fdaeca32,Legau
wa200005392,439a0333-b776-4259-98f8-3fb3750aa159,Mavlon
wa200005399,cb28cf85-41e3-4580-86f3-3e20f35c4c56,iOMailAssistant
wa200005412,1f0af198-ce54-40d3-969e-8812316bf5eb,Jarvis Legal
wa200005413,6866b990-a5b8-4249-8b0f-1b62fcd6caed,ReadEasy.ai
wa200005418,fcf0f8e6-47e0-4717-a009-f3df67e9fa38,VisitorOS Events for Outlook
wa200005419,b4612d0e-4c8e-405e-b341-adca581273d3,MemberSuite
wa200005422,5cfa21d6-aeee-4eb4-b349-313794de0316,Jooxter - Find a space
wa200005423,b5d27c61-07ee-4933-a3d0-ad6e7d760531,Mortgage Messaging
wa200005432,1b8e26ad-83f7-4655-8916-82416a65523c,Redsky 365
wa200005435,01503d52-3837-49b9-b8e5-7d0ab6146216,Simply
wa200005487,1e7e38da-7ad6-429a-9c6f-81aa1b9c934c,Malbek for Outlook
wa200005491,da25eb7c-1bc3-418e-8d64-442884e55346,Datasite
wa200005494,29b4d435-bc46-4b6c-a1cf-9af5b09267cc,CAMPLEGAL
wa200005498,2e29c368-09aa-4951-9c7f-e7f7f7f6c529,MATTEROOM
wa200005522,2eb07bff-caa0-4cc7-a61b-17224c52fa73,WorthMeeting
wa200005523,2a4a50f5-d525-4d92-88f0-0920d21aba5c,Field Service
wa200005527,51e1c6ed-a577-48a9-b86b-3dbd81649769,Barracuda Email Protection Add-in
wa200005534,d01aef56-ba8d-4993-ae95-53e20ad7e013,arbooMEET
wa200005536,4485089C-BEFE-12CB-0503-21238123A980,Maximizer AI CRM for Outlook
wa200005546,2e29c368-09aa-4951-9c7f-e7f7f7f6c530,MATTEROOM
wa200005560,d1f388c4-74c4-4cc4-86a4-227aa1f69472,Bringme Invite
wa200005561,f8d1ebce-bbe7-49e8-b440-007d4a7ad626,Document GPS
wa200005590,d2559ffa-c1df-4408-b9cf-0e363e784d21,Workpin
wa200005598,adeb94f0-4098-4f52-81a5-f7f07b28506b,Monday.com Connector
wa200005601,775fff4f-1711-40d1-a8c5-e2d535404918,Professionally
wa200005605,6c2e1d66-2dcd-4303-8196-0d3d235af573,ToMate
wa200005606,adfb64c3-fdef-42dd-81a6-84445a68f547,CoroMail
wa200005613,f14bed38-1cd6-4cb9-81e9-3f4b94774f49,Roam
wa200005629,6c5ed5fb-1ae7-489e-b1b8-705d9bdfd97a,Raiser AI Assistant
wa200005635,f6b54eba-e5c1-437e-8c64-40c0b1b213b3,ChatGPT Connector
wa200005636,9e9f154b-e66e-46d1-b5da-2b2d25f5c010,Mailinblack
wa200005637,89662296-e962-486a-b682-6c98754ff3fe,Truss
wa200005652,98ef1f1b-560d-4784-b2ba-42f220a93e8d,NextAgency
wa200005657,88ea93d7-842a-4135-bc45-5600cae4ea6d,Highway
wa200005661,5437c489-1be7-46b5-a501-17d589617b9f,TemplateManager365
wa200005663,dbe29016-4bc1-48fa-a97a-13f001f653f4,Splan
wa200005667,419f3fb5-53a1-4fc4-a64e-1a2484f6e2b1,New harmon.ie
wa200005674,ec8bebe0-da20-41b2-b076-a37573aade5e,Textmetrics for Outlook
wa200005693,1a8625c9-0e50-4163-bf41-aa105c6e1153,SlideHub for Outlook
wa200005696,e361f3df-58b9-495c-bf41-1104a1e3545c,Copilot
wa200005704,d013f4e5-3468-4e4c-b111-c3d2f30f8f95,SILQ for Outlook
wa200005726,a49eae7d-5494-4380-a86c-755d9560f249,Tabi Connect
wa200005735,7edf8982-edba-4dfb-aed7-44a45d0b5b62,SmartLink
wa200005741,1ca0d7a4-2595-4d32-b33f-1fedf1ba34b7,ComposeXMLPC
wa200005746,f39a16fa-40ce-4298-a743-4d107ca1fb93,totle AddIn
wa200005748,d79b43aa-752e-4615-9bb3-f6813f8d97cc,WiseStamp Add-in for Outlook
wa200005776,b4741b52-828d-492e-8510-818338253967,ZAP IN
wa200005786,d853ca43-68f5-4dae-ad74-f51f350cec65,SimpliLink
wa200005788,3c050e40-9782-41e6-b693-6195638b36cc,Reflect AI
wa200005790,3ee53e4f-7e50-49ac-ad3e-224caa9aaee4,ComposeSignPC
wa200005791,1f63aa33-3676-407f-8dc6-0a78dc3e4f89,IR Insight Tools
wa200005799,efc30400-2ac5-48b7-8c9b-c0fd5f541be2,ComposeCapPC
wa200005805,981699a4-58f0-4706-b992-aafc798d4eb5,MarvellUp
wa200005820,fabe8f65-7356-4bfa-8449-e606e42ca76e,Morningmate
wa200005821,FC6D29AE-C588-422E-AD9D-7D70C7581890,contentACCESS
wa200005831,79ed8524-1c03-40cd-bfb3-d7071b1c36d9,Foxit eSign
wa200005837,9E0BD3BC-386E-45D0-97B3-ECA8D7F703BB,Xink
wa200005840,0b9eefd1-e32c-4a61-af23-84184191d3ba,Inpart Deal
wa200005864,8049c76d-a506-4c42-9b45-ba7329191a09,Malcore Office Shield
wa200005878,85370f25-7dee-42b1-b138-f0a4c086db00,Email Tracker by Leadinfo
wa200005879,b2cbef2e-26ce-41f6-a9df-a0a56159b383,Magaya CRM
wa200005895,9aefd118-a13f-4acf-b6f0-f6844b586b83,Smash
wa200005919,9dff126a-cc24-4528-8695-20eab1e1370b,Wingmate
wa200005922,9afb5015-81f3-4f98-9849-c0d6d80527cc,Confirmed
wa200005923,55541d9d-dc69-4aa3-8015-35f93ad19b83,Rambase
wa200005943,4ac45331-a5cf-4588-bc60-de43247b995d,R2 Copilot
wa200005945,85c6c214-ecc1-4646-94ed-6180aa613d71,IllumiTacit Email Sorter
wa200005953,d6a6c96b-027e-4b3b-be7c-21cd79a3dd95,Legalvisio fÃ¼r Outlook
wa200005961,067c3c84-5e81-49a4-9c7b-29929788c0b5,AdSigner
wa200005965,c9e178a4-e235-4512-8a55-6353329e91b4,SBX Extension
wa200005982,3aec6bf0-38a0-4930-8c71-6b9283e46b46,Alexa Translations Add-In
wa200005993,b6ba00b5-e196-42cf-9a9d-ba30da44593b,Rytfit.ai Resume Upload
wa200006004,3277c4e3-32f4-4787-85c7-658463b2a919,GEX Online
wa200006016,3e8cfbaf-ad6f-4cc3-9692-43d5625740e7,Linguisity
